0.000103171, 2012,01,01 
0.000000124, 2012,01,02 
0.000094975, 2012,01,03 
0.000018875, 2012,01,04 
0.000028873, 2012,01,05 
0.000000099, 2012,01,06 
0.000007903, 2012,01,07 
0.000000298, 2012,01,08 
0.000000695, 2012,01,09 
0.000001584, 2012,01,10 
0.000000084, 2012,01,11 
0.000000690, 2012,01,12 
0.000000000, 2012,01,13 
0.000000084, 2012,01,14 
0.000000055, 2012,01,15 
0.000000000, 2012,01,16 
0.000000000, 2012,01,17 
0.000013108, 2012,01,18 
0.000058865, 2012,01,19 
0.000022163, 2012,01,20 
0.000002777, 2012,01,21 
0.000000104, 2012,01,22 
0.000008464, 2012,01,23 
0.000072519, 2012,01,24 
0.000002722, 2012,01,25 
0.000051548, 2012,01,26 
0.000012999, 2012,01,27 
0.000005081, 2012,01,28 
0.000002921, 2012,01,29 
0.000002543, 2012,01,30 
0.000003984, 2012,01,31 
0.000000338, 2012,02,01 
0.000000005, 2012,02,02 
0.000000075, 2012,02,03 
0.000013595, 2012,02,04 
0.000101278, 2012,02,05 
0.000003666, 2012,02,06 
0.000008201, 2012,02,07 
0.000002235, 2012,02,08 
0.000014539, 2012,02,09 
0.000013818, 2012,02,10 
0.000000109, 2012,02,11 
0.000010024, 2012,02,12 
0.000011151, 2012,02,13 
0.000001192, 2012,02,14 
0.000000820, 2012,02,15 
0.000000020, 2012,02,16 
0.000001187, 2012,02,17 
0.000034173, 2012,02,18 
0.000000000, 2012,02,19 
0.000000000, 2012,02,20 
0.000000993, 2012,02,21 
0.000012641, 2012,02,22 
0.000000129, 2012,02,23 
0.000001028, 2012,02,24 
0.000000104, 2012,02,25 
0.000000248, 2012,02,26 
0.000012845, 2012,02,27 
0.000000656, 2012,02,28 
0.000001868, 2012,02,29 
0.000000020, 2012,03,01 
0.000000397, 2012,03,02 
0.000002796, 2012,03,03 
0.000143747, 2012,03,04 
0.000002181, 2012,03,05 
0.000001734, 2012,03,06 
0.000037695, 2012,03,07 
0.000000000, 2012,03,08 
0.000000094, 2012,03,09 
0.000001907, 2012,03,10 
0.000000035, 2012,03,11 
0.000000010, 2012,03,12 
0.000001560, 2012,03,13 
0.000001421, 2012,03,14 
0.000000005, 2012,03,15 
0.000001445, 2012,03,16 
0.000071794, 2012,03,17 
0.000035574, 2012,03,18 
0.000000010, 2012,03,19 
0.000000000, 2012,03,20 
0.000000000, 2012,03,21 
0.000000000, 2012,03,22 
0.000000318, 2012,03,23 
0.000000000, 2012,03,24 
0.000000109, 2012,03,25 
0.000000000, 2012,03,26 
0.000000000, 2012,03,27 
0.000000000, 2012,03,28 
0.000000000, 2012,03,29 
0.000000020, 2012,03,30 
0.000000705, 2012,03,31 
0.000000025, 2012,04,01 
0.000000000, 2012,04,02 
0.000054131, 2012,04,03 
0.000050440, 2012,04,04 
0.000005484, 2012,04,05 
0.000000740, 2012,04,06 
0.000005861, 2012,04,07 
0.000025054, 2012,04,08 
0.000094563, 2012,04,09 
0.000022302, 2012,04,10 
0.000043670, 2012,04,11 
0.000058527, 2012,04,12 
0.000025779, 2012,04,13 
0.000001277, 2012,04,14 
0.000008444, 2012,04,15 
0.000001982, 2012,04,16 
0.000051841, 2012,04,17 
0.000067612, 2012,04,18 
0.000049467, 2012,04,19 
0.000043074, 2012,04,20 
0.000014191, 2012,04,21 
0.000033831, 2012,04,22 
0.000074297, 2012,04,23 
0.000047699, 2012,04,24 
0.000153432, 2012,04,25 
0.000035827, 2012,04,26 
0.000038306, 2012,04,27 
0.000084514, 2012,04,28 
0.000216166, 2012,04,29 
0.000015944, 2012,04,30 
0.000250757, 2012,05,01 
0.000053848, 2012,05,02 
0.000134110, 2012,05,03 
0.000002220, 2012,05,04 
0.000006407, 2012,05,05 
0.000006373, 2012,05,06 
0.000037317, 2012,05,07 
0.000079026, 2012,05,08 
0.000052735, 2012,05,09 
0.000145530, 2012,05,10 
0.000000765, 2012,05,11 
0.000000179, 2012,05,12 
0.000000000, 2012,05,13 
0.000039414, 2012,05,14 
0.000071257, 2012,05,15 
0.000001684, 2012,05,16 
0.000002752, 2012,05,17 
0.000006874, 2012,05,18 
0.000007108, 2012,05,19 
0.000012567, 2012,05,20 
0.000000194, 2012,05,21 
0.000000000, 2012,05,22 
0.000000055, 2012,05,23 
0.000000099, 2012,05,24 
0.000000000, 2012,05,25 
0.000000000, 2012,05,26 
0.000000000, 2012,05,27 
0.000007133, 2012,05,28 
0.000002787, 2012,05,29 
0.000061298, 2012,05,30 
0.000004053, 2012,05,31 
0.000006954, 2012,06,01 
0.000028546, 2012,06,02 
0.000162914, 2012,06,03 
0.000081554, 2012,06,04 
0.000028258, 2012,06,05 
0.000050445, 2012,06,06 
0.000079632, 2012,06,07 
0.000038137, 2012,06,08 
0.000000457, 2012,06,09 
0.000027433, 2012,06,10 
0.000317454, 2012,06,11 
0.000060037, 2012,06,12 
0.000012264, 2012,06,13 
0.000019406, 2012,06,14 
0.000120123, 2012,06,15 
0.000010600, 2012,06,16 
0.000004734, 2012,06,17 
0.000043223, 2012,06,18 
0.000000010, 2012,06,19 
0.000001768, 2012,06,20 
0.000131483, 2012,06,21 
0.000038266, 2012,06,22 
0.000012557, 2012,06,23 
0.000164767, 2012,06,24 
0.000003497, 2012,06,25 
0.000007729, 2012,06,26 
0.000004277, 2012,06,27 
0.000067905, 2012,06,28 
0.000007992, 2012,06,29 
0.000004957, 2012,06,30 
0.000012582, 2012,07,01 
0.000022252, 2012,07,02 
0.000070433, 2012,07,03 
0.000049214, 2012,07,04 
0.000029807, 2012,07,05 
0.000121822, 2012,07,06 
0.000062595, 2012,07,07 
0.000276128, 2012,07,08 
0.000010148, 2012,07,09 
0.000059803, 2012,07,10 
0.000092636, 2012,07,11 
0.000077883, 2012,07,12 
0.000122314, 2012,07,13 
0.000072206, 2012,07,14 
0.000009239, 2012,07,15 
0.000078400, 2012,07,16 
0.000005841, 2012,07,17 
0.000078022, 2012,07,18 
0.000009398, 2012,07,19 
0.000076363, 2012,07,20 
0.000004242, 2012,07,21 
0.000000000, 2012,07,22 
0.000000000, 2012,07,23 
0.000000000, 2012,07,24 
0.000000000, 2012,07,25 
0.000000000, 2012,07,26 
0.000014817, 2012,07,27 
0.000001197, 2012,07,28 
0.000062068, 2012,07,29 
0.000006869, 2012,07,30 
0.000021244, 2012,07,31 
0.000016327, 2012,08,01 
0.000006805, 2012,08,02 
0.000006134, 2012,08,03 
0.000061298, 2012,08,04 
0.000064045, 2012,08,05 
0.000043298, 2012,08,06 
0.000008618, 2012,08,07 
0.000036115, 2012,08,08 
0.000001068, 2012,08,09 
0.000000000, 2012,08,10 
0.000000000, 2012,08,11 
0.000000348, 2012,08,12 
0.000013754, 2012,08,13 
0.000027880, 2012,08,14 
0.000068098, 2012,08,15 
0.000003189, 2012,08,16 
0.000014563, 2012,08,17 
0.000000000, 2012,08,18 
0.000002051, 2012,08,19 
0.000012567, 2012,08,20 
0.000001813, 2012,08,21 
0.000000671, 2012,08,22 
0.000000556, 2012,08,23 
0.000044828, 2012,08,24 
0.000098427, 2012,08,25 
0.000004649, 2012,08,26 
0.000013282, 2012,08,27 
0.000010644, 2012,08,28 
0.000070776, 2012,08,29 
0.000056674, 2012,08,30 
0.000000000, 2012,08,31 
0.000002364, 2012,09,01 
0.000000909, 2012,09,02 
0.000000233, 2012,09,03 
0.000002305, 2012,09,04 
0.000000005, 2012,09,05 
0.000000000, 2012,09,06 
0.000000000, 2012,09,07 
0.000000000, 2012,09,08 
0.000000000, 2012,09,09 
0.000008553, 2012,09,10 
0.000006512, 2012,09,11 
0.000040382, 2012,09,12 
0.000000000, 2012,09,13 
0.000002916, 2012,09,14 
0.000000000, 2012,09,15 
0.000000194, 2012,09,16 
0.000000447, 2012,09,17 
0.000001033, 2012,09,18 
0.000001197, 2012,09,19 
0.000000035, 2012,09,20 
0.000016555, 2012,09,21 
0.000000060, 2012,09,22 
0.000250037, 2012,09,23 
0.000121092, 2012,09,24 
0.000009025, 2012,09,25 
0.000015736, 2012,09,26 
0.000001942, 2012,09,27 
0.000010282, 2012,09,28 
0.000000045, 2012,09,29 
0.000000000, 2012,09,30 
0.000035127, 2012,10,01 
0.000048319, 2012,10,02 
0.000012015, 2012,10,03 
0.000002111, 2012,10,04 
0.000163704, 2012,10,05 
0.000128816, 2012,10,06 
0.000000179, 2012,10,07 
0.000022585, 2012,10,08 
0.000000174, 2012,10,09 
0.000000060, 2012,10,10 
0.000066717, 2012,10,11 
0.000010083, 2012,10,12 
0.000035033, 2012,10,13 
0.000000303, 2012,10,14 
0.000009164, 2012,10,15 
0.000031938, 2012,10,16 
0.000115747, 2012,10,17 
0.000043323, 2012,10,18 
0.000064567, 2012,10,19 
0.000012139, 2012,10,20 
0.000029003, 2012,10,21 
0.000006760, 2012,10,22 
0.000002086, 2012,10,23 
0.000011340, 2012,10,24 
0.000004873, 2012,10,25 
0.000022540, 2012,10,26 
0.000011340, 2012,10,27 
0.000021368, 2012,10,28 
0.000027046, 2012,10,29 
0.000000050, 2012,10,30 
0.000015388, 2012,10,31 
0.000156333, 2012,11,01 
0.000000859, 2012,11,02 
0.000002598, 2012,11,03 
0.000151311, 2012,11,04 
0.000000045, 2012,11,05 
0.000019958, 2012,11,06 
0.000000010, 2012,11,07 
0.000000536, 2012,11,08 
0.000001902, 2012,11,09 
0.000032951, 2012,11,10 
0.000000000, 2012,11,11 
0.000025680, 2012,11,12 
0.000000954, 2012,11,13 
0.000000050, 2012,11,14 
0.000000646, 2012,11,15 
0.000008797, 2012,11,16 
0.000006492, 2012,11,17 
0.000000000, 2012,11,18 
0.000002697, 2012,11,19 
0.000049169, 2012,11,20 
0.000149508, 2012,11,21 
0.000000760, 2012,11,22 
0.000129506, 2012,11,23 
0.000097493, 2012,11,24 
0.000085761, 2012,11,25 
0.000117049, 2012,11,26 
0.000043203, 2012,11,27 
0.000001281, 2012,11,28 
0.000000000, 2012,11,29 
0.000000060, 2012,11,30 
0.000011598, 2012,12,01 
0.000000000, 2012,12,02 
0.000085856, 2012,12,03 
0.000000040, 2012,12,04 
0.000016461, 2012,12,05 
0.000007619, 2012,12,06 
0.000076964, 2012,12,07 
0.000000298, 2012,12,08 
0.000000651, 2012,12,09 
0.000000680, 2012,12,10 
0.000000005, 2012,12,11 
0.000000581, 2012,12,12 
0.000000209, 2012,12,13 
0.000171448, 2012,12,14 
0.000000199, 2012,12,15 
0.000000129, 2012,12,16 
0.000001445, 2012,12,17 
0.000001783, 2012,12,18 
0.000028198, 2012,12,19 
0.000140121, 2012,12,20 
0.000001858, 2012,12,21 
0.000152101, 2012,12,22 
0.000038087, 2012,12,23 
0.000050088, 2012,12,24 
0.000038534, 2012,12,25 
0.000025218, 2012,12,26 
0.000060722, 2012,12,27 
0.000038207, 2012,12,28 
0.000015775, 2012,12,29 
0.000000685, 2012,12,30 
0.000049531, 2012,12,31 
0.000006840, 2013,01,01 
0.000006606, 2013,01,02 
0.000000164, 2013,01,03 
0.000001227, 2013,01,04 
0.000003681, 2013,01,05 
0.000000770, 2013,01,06 
0.000003338, 2013,01,07 
0.000003646, 2013,01,08 
0.000066067, 2013,01,09 
0.000000144, 2013,01,10 
0.000000859, 2013,01,11 
0.000008434, 2013,01,12 
0.000001406, 2013,01,13 
0.000046164, 2013,01,14 
0.000009795, 2013,01,15 
0.000000020, 2013,01,16 
0.000000050, 2013,01,17 
0.000041425, 2013,01,18 
0.000020921, 2013,01,19 
0.000078425, 2013,01,20 
0.000007421, 2013,01,21 
0.000006169, 2013,01,22 
0.000019193, 2013,01,23 
0.000001753, 2013,01,24 
0.000000993, 2013,01,25 
0.000064239, 2013,01,26 
0.000036399, 2013,01,27 
0.000023449, 2013,01,28 
0.000004460, 2013,01,29 
0.000047689, 2013,01,30 
0.000016486, 2013,01,31 
0.000029405, 2013,02,01 
0.000000248, 2013,02,02 
0.000000492, 2013,02,03 
0.000000278, 2013,02,04 
0.000038837, 2013,02,05 
0.000034576, 2013,02,06 
0.000009060, 2013,02,07 
0.000002240, 2013,02,08 
0.000003353, 2013,02,09 
0.000112126, 2013,02,10 
0.000064785, 2013,02,11 
0.000003452, 2013,02,12 
0.000013520, 2013,02,13 
0.000092770, 2013,02,14 
0.000000020, 2013,02,15 
0.000000169, 2013,02,16 
0.000000000, 2013,02,17 
0.000000000, 2013,02,18 
0.000000055, 2013,02,19 
0.000001654, 2013,02,20 
0.000000507, 2013,02,21 
0.000003109, 2013,02,22 
0.000005846, 2013,02,23 
0.000003998, 2013,02,24 
0.000005022, 2013,02,25 
0.000007798, 2013,02,26 
0.000001584, 2013,02,27 
0.000011747, 2013,02,28 
0.000001515, 2013,03,01 
0.000000318, 2013,03,02 
0.000000129, 2013,03,03 
0.000000045, 2013,03,04 
0.000000000, 2013,03,05 
0.000001321, 2013,03,06 
0.000049293, 2013,03,07 
0.000053172, 2013,03,08 
0.000013058, 2013,03,09 
0.000019958, 2013,03,10 
0.000009413, 2013,03,11 
0.000003045, 2013,03,12 
0.000019456, 2013,03,13 
0.000005503, 2013,03,14 
0.000074774, 2013,03,15 
0.000077859, 2013,03,16 
0.000099078, 2013,03,17 
0.000029594, 2013,03,18 
0.000033498, 2013,03,19 
0.000014832, 2013,03,20 
0.000000179, 2013,03,21 
0.000063608, 2013,03,22 
0.000112255, 2013,03,23 
0.000023092, 2013,03,24 
0.000007272, 2013,03,25 
0.000004758, 2013,03,26 
0.000003388, 2013,03,27 
0.000003487, 2013,03,28 
0.000001147, 2013,03,29 
0.000008360, 2013,03,30 
0.000000313, 2013,03,31 
0.000005523, 2013,04,01 
0.000000000, 2013,04,02 
0.000003189, 2013,04,03 
0.000025978, 2013,04,04 
0.000009303, 2013,04,05 
0.000000055, 2013,04,06 
0.000000000, 2013,04,07 
0.000000377, 2013,04,08 
0.000019029, 2013,04,09 
0.000010868, 2013,04,10 
0.000067964, 2013,04,11 
0.000106663, 2013,04,12 
0.000050401, 2013,04,13 
0.000001545, 2013,04,14 
0.000001927, 2013,04,15 
0.000001157, 2013,04,16 
0.000000834, 2013,04,17 
0.000012989, 2013,04,18 
0.000035619, 2013,04,19 
0.000000000, 2013,04,20 
0.000000020, 2013,04,21 
0.000000139, 2013,04,22 
0.000000964, 2013,04,23 
0.000003313, 2013,04,24 
0.000008782, 2013,04,25 
0.000107735, 2013,04,26 
0.000033831, 2013,04,27 
0.000003169, 2013,04,28 
0.000010793, 2013,04,29 
0.000001868, 2013,04,30 
0.000000000, 2013,05,01 
0.000000000, 2013,05,02 
0.000000000, 2013,05,03 
0.000010659, 2013,05,04 
0.000000333, 2013,05,05 
0.000000020, 2013,05,06 
0.000000000, 2013,05,07 
0.000046179, 2013,05,08 
0.000020708, 2013,05,09 
0.000010644, 2013,05,10 
0.000077153, 2013,05,11 
0.000018318, 2013,05,12 
0.000011548, 2013,05,13 
0.000081524, 2013,05,14 
0.000039180, 2013,05,15 
0.000005722, 2013,05,16 
0.000004982, 2013,05,17 
0.000001450, 2013,05,18 
0.000000228, 2013,05,19 
0.000040054, 2013,05,20 
0.000000666, 2013,05,21 
0.000005201, 2013,05,22 
0.000048752, 2013,05,23 
0.000093256, 2013,05,24 
0.000002697, 2013,05,25 
0.000000000, 2013,05,26 
0.000000000, 2013,05,27 
0.000155538, 2013,05,28 
0.000031948, 2013,05,29 
0.000015567, 2013,05,30 
0.000000666, 2013,05,31 
0.000002573, 2013,06,01 
0.000002161, 2013,06,02 
0.000000000, 2013,06,03 
0.000000000, 2013,06,04 
0.000000089, 2013,06,05 
0.000000000, 2013,06,06 
0.000000705, 2013,06,07 
0.000000010, 2013,06,08 
0.000000020, 2013,06,09 
0.000001495, 2013,06,10 
0.000005638, 2013,06,11 
0.000009507, 2013,06,12 
0.000011320, 2013,06,13 
0.000003666, 2013,06,14 
0.000077789, 2013,06,15 
0.000005384, 2013,06,16 
0.000000690, 2013,06,17 
0.000024562, 2013,06,18 
0.000015731, 2013,06,19 
0.000005245, 2013,06,20 
0.000019183, 2013,06,21 
0.000025133, 2013,06,22 
0.000029445, 2013,06,23 
0.000002210, 2013,06,24 
0.000000040, 2013,06,25 
0.000003020, 2013,06,26 
0.000029499, 2013,06,27 
0.000052636, 2013,06,28 
0.000000541, 2013,06,29 
0.000000055, 2013,06,30 
0.000000432, 2013,07,01 
0.000012472, 2013,07,02 
0.000030289, 2013,07,03 
0.000000527, 2013,07,04 
0.000000055, 2013,07,05 
0.000000000, 2013,07,06 
0.000000000, 2013,07,07 
0.000000000, 2013,07,08 
0.000000010, 2013,07,09 
0.000000174, 2013,07,10 
0.000000164, 2013,07,11 
0.000000258, 2013,07,12 
0.000000671, 2013,07,13 
0.000000646, 2013,07,14 
0.000000000, 2013,07,15 
0.000000000, 2013,07,16 
0.000000601, 2013,07,17 
0.000000000, 2013,07,18 
0.000000000, 2013,07,19 
0.000000894, 2013,07,20 
0.000001912, 2013,07,21 
0.000000298, 2013,07,22 
0.000131885, 2013,07,23 
0.000000089, 2013,07,24 
0.000009611, 2013,07,25 
0.000000199, 2013,07,26 
0.000062332, 2013,07,27 
0.000326345, 2013,07,28 
0.000026082, 2013,07,29 
0.000076865, 2013,07,30 
0.000022903, 2013,07,31 
0.000000010, 2013,08,01 
0.000057926, 2013,08,02 
0.000002126, 2013,08,03 
0.000005980, 2013,08,04 
0.000054568, 2013,08,05 
0.000000010, 2013,08,06 
0.000000040, 2013,08,07 
0.000000879, 2013,08,08 
0.000028660, 2013,08,09 
0.000003268, 2013,08,10 
0.000007962, 2013,08,11 
0.000001977, 2013,08,12 
0.000017439, 2013,08,13 
0.000000869, 2013,08,14 
0.000016267, 2013,08,15 
0.000047058, 2013,08,16 
0.000005970, 2013,08,17 
0.000004967, 2013,08,18 
0.000001937, 2013,08,19 
0.000000000, 2013,08,20 
0.000000025, 2013,08,21 
0.000142127, 2013,08,22 
0.000000000, 2013,08,23 
0.000317176, 2013,08,24 
0.000150442, 2013,08,25 
0.000001396, 2013,08,26 
0.000000243, 2013,08,27 
0.000000124, 2013,08,28 
0.000000099, 2013,08,29 
0.000012944, 2013,08,30 
0.000000184, 2013,08,31 
0.000000000, 2013,09,01 
0.000000005, 2013,09,02 
0.000001808, 2013,09,03 
0.000000238, 2013,09,04 
0.000000829, 2013,09,05 
0.000063270, 2013,09,06 
0.000006914, 2013,09,07 
0.000061880, 2013,09,08 
0.000139996, 2013,09,09 
0.000009835, 2013,09,10 
0.000049184, 2013,09,11 
0.000008419, 2013,09,12 
0.000115871, 2013,09,13 
0.000092367, 2013,09,14 
0.000024279, 2013,09,15 
0.000004341, 2013,09,16 
0.000050724, 2013,09,17 
0.000003994, 2013,09,18 
0.000010168, 2013,09,19 
0.000000000, 2013,09,20 
0.000003909, 2013,09,21 
0.000000581, 2013,09,22 
0.000002051, 2013,09,23 
0.000000194, 2013,09,24 
0.000019744, 2013,09,25 
0.000000690, 2013,09,26 
0.000000005, 2013,09,27 
0.000006244, 2013,09,28 
0.000000000, 2013,09,29 
0.000000119, 2013,09,30 
0.000000010, 2013,10,01 
0.000081986, 2013,10,02 
0.000034298, 2013,10,03 
0.000014459, 2013,10,04 
0.000006278, 2013,10,05 
0.000000000, 2013,10,06 
0.000000045, 2013,10,07 
0.000002012, 2013,10,08 
0.000005404, 2013,10,09 
0.000000541, 2013,10,10 
0.000068312, 2013,10,11 
0.000035743, 2013,10,12 
0.000162532, 2013,10,13 
0.000039811, 2013,10,14 
0.000002722, 2013,10,15 
0.000064408, 2013,10,16 
0.000004629, 2013,10,17 
0.000001316, 2013,10,18 
0.000050972, 2013,10,19 
0.000024627, 2013,10,20 
0.000041281, 2013,10,21 
0.000086630, 2013,10,22 
0.000033905, 2013,10,23 
0.000000055, 2013,10,24 
0.000031287, 2013,10,25 
0.000003248, 2013,10,26 
0.000039503, 2013,10,27 
0.000217140, 2013,10,28 
0.000001679, 2013,10,29 
0.000000094, 2013,10,30 
0.000011111, 2013,10,31 
0.000015736, 2013,11,01 
0.000007312, 2013,11,02 
0.000016719, 2013,11,03 
0.000167703, 2013,11,04 
0.000035584, 2013,11,05 
0.000038142, 2013,11,06 
0.000006159, 2013,11,07 
0.000055636, 2013,11,08 
0.000066832, 2013,11,09 
0.000014832, 2013,11,10 
0.000033801, 2013,11,11 
0.000023584, 2013,11,12 
0.000000040, 2013,11,13 
0.000007446, 2013,11,14 
0.000000000, 2013,11,15 
0.000000392, 2013,11,16 
0.000000432, 2013,11,17 
0.000012537, 2013,11,18 
0.000000502, 2013,11,19 
0.000068913, 2013,11,20 
0.000015860, 2013,11,21 
0.000001098, 2013,11,22 
0.000000815, 2013,11,23 
0.000000616, 2013,11,24 
0.000000273, 2013,11,25 
0.000000015, 2013,11,26 
0.000008469, 2013,11,27 
0.000001401, 2013,11,28 
0.000005975, 2013,11,29 
0.000000010, 2013,11,30 
0.000000541, 2013,12,01 
0.000000720, 2013,12,02 
0.000000780, 2013,12,03 
0.000001063, 2013,12,04 
0.000007451, 2013,12,05 
0.000000939, 2013,12,06 
0.000000333, 2013,12,07 
0.000000070, 2013,12,08 
0.000000000, 2013,12,09 
0.000000114, 2013,12,10 
0.000000154, 2013,12,11 
0.000000000, 2013,12,12 
0.000030190, 2013,12,13 
0.000000616, 2013,12,14 
0.000016719, 2013,12,15 
0.000047982, 2013,12,16 
0.000069112, 2013,12,17 
0.000040546, 2013,12,18 
0.000076289, 2013,12,19 
0.000000412, 2013,12,20 
0.000060295, 2013,12,21 
0.000030562, 2013,12,22 
0.000119294, 2013,12,23 
0.000176152, 2013,12,24 
0.000054563, 2013,12,25 
0.000009383, 2013,12,26 
0.000070999, 2013,12,27 
0.000000000, 2013,12,28 
0.000000000, 2013,12,29 
0.000049089, 2013,12,30 
0.000035574, 2013,12,31 
0.000104810, 2014,01,01 
0.000021329, 2014,01,02 
0.000043839, 2014,01,03 
0.000189925, 2014,01,04 
0.000003611, 2014,01,05 
0.000058427, 2014,01,06 
0.000011802, 2014,01,07 
0.000015060, 2014,01,08 
0.000020191, 2014,01,09 
0.000002568, 2014,01,10 
0.000018890, 2014,01,11 
0.000001873, 2014,01,12 
0.000033379, 2014,01,13 
0.000010769, 2014,01,14 
0.000086591, 2014,01,15 
0.000020852, 2014,01,16 
0.000002980, 2014,01,17 
0.000019804, 2014,01,18 
0.000023350, 2014,01,19 
0.000000308, 2014,01,20 
0.000000462, 2014,01,21 
0.000051831, 2014,01,22 
0.000022630, 2014,01,23 
0.000023787, 2014,01,24 
0.000091602, 2014,01,25 
0.000053962, 2014,01,26 
0.000005588, 2014,01,27 
0.000005265, 2014,01,28 
0.000122900, 2014,01,29 
0.000057990, 2014,01,30 
0.000055199, 2014,01,31 
0.000070179, 2014,02,01 
0.000000199, 2014,02,02 
0.000000000, 2014,02,03 
0.000005474, 2014,02,04 
0.000127291, 2014,02,05 
0.000101939, 2014,02,06 
0.000103936, 2014,02,07 
0.000062083, 2014,02,08 
0.000012572, 2014,02,09 
0.000032847, 2014,02,10 
0.000053853, 2014,02,11 
0.000084783, 2014,02,12 
0.000001267, 2014,02,13 
0.000079215, 2014,02,14 
0.000017961, 2014,02,15 
0.000000010, 2014,02,16 
0.000009423, 2014,02,17 
0.000045493, 2014,02,18 
0.000004058, 2014,02,19 
0.000031367, 2014,02,20 
0.000000596, 2014,02,21 
0.000000238, 2014,02,22 
0.000005777, 2014,02,23 
0.000002618, 2014,02,24 
0.000070040, 2014,02,25 
0.000002111, 2014,02,26 
0.000060782, 2014,02,27 
0.000105972, 2014,02,28 
0.000001813, 2014,03,01 
0.000038882, 2014,03,02 
0.000100697, 2014,03,03 
0.000001093, 2014,03,04 
0.000000000, 2014,03,05 
0.000000035, 2014,03,06 
0.000003889, 2014,03,07 
0.000000174, 2014,03,08 
0.000000000, 2014,03,09 
0.000000010, 2014,03,10 
0.000000010, 2014,03,11 
0.000000000, 2014,03,12 
0.000000015, 2014,03,13 
0.000000104, 2014,03,14 
0.000000000, 2014,03,15 
0.000000000, 2014,03,16 
0.000000149, 2014,03,17 
0.000007133, 2014,03,18 
0.000000000, 2014,03,19 
0.000012964, 2014,03,20 
0.000027195, 2014,03,21 
0.000027602, 2014,03,22 
0.000044778, 2014,03,23 
0.000000844, 2014,03,24 
0.000048891, 2014,03,25 
0.000029633, 2014,03,26 
0.000021567, 2014,03,27 
0.000002772, 2014,03,28 
0.000000000, 2014,03,29 
0.000000010, 2014,03,30 
0.000000964, 2014,03,31 
0.000005061, 2014,04,01 
0.000014305, 2014,04,02 
0.000000487, 2014,04,03 
0.000003884, 2014,04,04 
0.000012959, 2014,04,05 
0.000038455, 2014,04,06 
0.000073085, 2014,04,07 
0.000003060, 2014,04,08 
0.000000000, 2014,04,09 
0.000000079, 2014,04,10 
0.000002583, 2014,04,11 
0.000000000, 2014,04,12 
0.000000075, 2014,04,13 
0.000000000, 2014,04,14 
0.000000010, 2014,04,15 
0.000000000, 2014,04,16 
0.000000368, 2014,04,17 
0.000000005, 2014,04,18 
0.000002469, 2014,04,19 
0.000085920, 2014,04,20 
0.000051767, 2014,04,21 
0.000032162, 2014,04,22 
0.000010297, 2014,04,23 
0.000036558, 2014,04,24 
0.000140111, 2014,04,25 
0.000027915, 2014,04,26 
0.000025764, 2014,04,27 
0.000041867, 2014,04,28 
0.000058348, 2014,04,29 
0.000001331, 2014,04,30 
0.000070016, 2014,05,01 
0.000002990, 2014,05,02 
0.000000000, 2014,05,03 
0.000000000, 2014,05,04 
0.000000000, 2014,05,05 
0.000020246, 2014,05,06 
0.000005737, 2014,05,07 
0.000046834, 2014,05,08 
0.000002454, 2014,05,09 
0.000041977, 2014,05,10 
0.000013903, 2014,05,11 
0.000028536, 2014,05,12 
0.000054280, 2014,05,13 
0.000000437, 2014,05,14 
0.000000144, 2014,05,15 
0.000002041, 2014,05,16 
0.000002523, 2014,05,17 
0.000000000, 2014,05,18 
0.000001545, 2014,05,19 
0.000027567, 2014,05,20 
0.000035202, 2014,05,21 
0.000122100, 2014,05,22 
0.000009954, 2014,05,23 
0.000155290, 2014,05,24 
0.000000864, 2014,05,25 
0.000076135, 2014,05,26 
0.000111451, 2014,05,27 
0.000079061, 2014,05,28 
0.000018775, 2014,05,29 
0.000003830, 2014,05,30 
0.000001480, 2014,05,31 
0.000000109, 2014,06,01 
0.000016655, 2014,06,02 
0.000010928, 2014,06,03 
0.000073835, 2014,06,04 
0.000034596, 2014,06,05 
0.000000000, 2014,06,06 
0.000076786, 2014,06,07 
0.000004222, 2014,06,08 
0.000026867, 2014,06,09 
0.000012587, 2014,06,10 
0.000000079, 2014,06,11 
0.000000065, 2014,06,12 
0.000000139, 2014,06,13 
0.000010967, 2014,06,14 
0.000003740, 2014,06,15 
0.000005325, 2014,06,16 
0.000000119, 2014,06,17 
0.000006393, 2014,06,18 
0.000007550, 2014,06,19 
0.000000710, 2014,06,20 
0.000000685, 2014,06,21 
0.000000139, 2014,06,22 
0.000015164, 2014,06,23 
0.000009199, 2014,06,24 
0.000000089, 2014,06,25 
0.000006080, 2014,06,26 
0.000037054, 2014,06,27 
0.000140424, 2014,06,28 
0.000039722, 2014,06,29 
0.000009636, 2014,06,30 
0.000001103, 2014,07,01 
0.000000010, 2014,07,02 
0.000000000, 2014,07,03 
0.000000079, 2014,07,04 
0.000054573, 2014,07,05 
0.000007828, 2014,07,06 
0.000005066, 2014,07,07 
0.000014986, 2014,07,08 
0.000001207, 2014,07,09 
0.000089819, 2014,07,10 
0.000035182, 2014,07,11 
0.000004128, 2014,07,12 
0.000108515, 2014,07,13 
0.000000000, 2014,07,14 
0.000005821, 2014,07,15 
0.000000015, 2014,07,16 
0.000003835, 2014,07,17 
0.000001207, 2014,07,18 
0.000143553, 2014,07,19 
0.000178561, 2014,07,20 
0.000025193, 2014,07,21 
0.000000119, 2014,07,22 
0.000008836, 2014,07,23 
0.000000705, 2014,07,24 
0.000038326, 2014,07,25 
0.000000656, 2014,07,26 
0.000000055, 2014,07,27 
0.000140468, 2014,07,28 
0.000000179, 2014,07,29 
0.000000050, 2014,07,30 
0.000000149, 2014,07,31 
0.000004734, 2014,08,01 
0.000055919, 2014,08,02 
0.000000010, 2014,08,03 
0.000002186, 2014,08,04 
0.000004595, 2014,08,05 
0.000106528, 2014,08,06 
0.000016327, 2014,08,07 
0.000201230, 2014,08,08 
0.000174438, 2014,08,09 
0.000158325, 2014,08,10 
0.000005841, 2014,08,11 
0.000006353, 2014,08,12 
0.000007624, 2014,08,13 
0.000150998, 2014,08,14 
0.000032937, 2014,08,15 
0.000000358, 2014,08,16 
0.000007217, 2014,08,17 
0.000008558, 2014,08,18 
0.000005220, 2014,08,19 
0.000003666, 2014,08,20 
0.000002424, 2014,08,21 
0.000010540, 2014,08,22 
0.000009393, 2014,08,23 
0.000000646, 2014,08,24 
0.000204956, 2014,08,25 
0.000060176, 2014,08,26 
0.000000482, 2014,08,27 
0.000009075, 2014,08,28 
0.000004346, 2014,08,29 
0.000007182, 2014,08,30 
0.000001848, 2014,08,31 
0.000016744, 2014,09,01 
0.000000457, 2014,09,02 
0.000006676, 2014,09,03 
0.000006552, 2014,09,04 
0.000001247, 2014,09,05 
0.000011509, 2014,09,06 
0.000015269, 2014,09,07 
0.000000000, 2014,09,08 
0.000001545, 2014,09,09 
0.000000000, 2014,09,10 
0.000000119, 2014,09,11 
0.000000829, 2014,09,12 
0.000005742, 2014,09,13 
0.000005017, 2014,09,14 
0.000004828, 2014,09,15 
0.000007192, 2014,09,16 
0.000000695, 2014,09,17 
0.000000159, 2014,09,18 
0.000061472, 2014,09,19 
0.000005290, 2014,09,20 
0.000000834, 2014,09,21 
0.000000000, 2014,09,22 
0.000000000, 2014,09,23 
0.000029241, 2014,09,24 
0.000000000, 2014,09,25 
0.000001878, 2014,09,26 
0.000000939, 2014,09,27 
0.000000417, 2014,09,28 
0.000018343, 2014,09,29 
0.000001257, 2014,09,30 
0.000001028, 2014,10,01 
0.000009641, 2014,10,02 
0.000000502, 2014,10,03 
0.000064343, 2014,10,04 
0.000000000, 2014,10,05 
0.000055398, 2014,10,06 
0.000026956, 2014,10,07 
0.000049278, 2014,10,08 
0.000013500, 2014,10,09 
0.000004917, 2014,10,10 
0.000012348, 2014,10,11 
0.000059317, 2014,10,12 
0.000226324, 2014,10,13 
0.000016928, 2014,10,14 
0.000086700, 2014,10,15 
0.000072906, 2014,10,16 
0.000017693, 2014,10,17 
0.000020256, 2014,10,18 
0.000000581, 2014,10,19 
0.000001068, 2014,10,20 
0.000024959, 2014,10,21 
0.000000010, 2014,10,22 
0.000002166, 2014,10,23 
0.000061587, 2014,10,24 
0.000000810, 2014,10,25 
0.000000119, 2014,10,26 
0.000000005, 2014,10,27 
0.000000010, 2014,10,28 
0.000039836, 2014,10,29 
0.000008687, 2014,10,30 
0.000000025, 2014,10,31 
0.000002439, 2014,11,01 
0.000079234, 2014,11,02 
0.000062684, 2014,11,03 
0.000014817, 2014,11,04 
0.000024006, 2014,11,05 
0.000000030, 2014,11,06 
0.000075097, 2014,11,07 
0.000046959, 2014,11,08 
0.000032648, 2014,11,09 
0.000002027, 2014,11,10 
0.000014211, 2014,11,11 
0.000019863, 2014,11,12 
0.000002434, 2014,11,13 
0.000126958, 2014,11,14 
0.000005419, 2014,11,15 
0.000064025, 2014,11,16 
0.000090659, 2014,11,17 
0.000000760, 2014,11,18 
0.000002548, 2014,11,19 
0.000001286, 2014,11,20 
0.000037422, 2014,11,21 
0.000047937, 2014,11,22 
0.000193248, 2014,11,23 
0.000000000, 2014,11,24 
0.000050063, 2014,11,25 
0.000027686, 2014,11,26 
0.000035832, 2014,11,27 
0.000000472, 2014,11,28 
0.000000656, 2014,11,29 
0.000000224, 2014,11,30 
0.000002498, 2014,12,01 
0.000010436, 2014,12,02 
0.000003691, 2014,12,03 
0.000007123, 2014,12,04 
0.000004346, 2014,12,05 
0.000000000, 2014,12,06 
0.000009477, 2014,12,07 
0.000001704, 2014,12,08 
0.000000680, 2014,12,09 
0.000008916, 2014,12,10 
0.000009860, 2014,12,11 
0.000082329, 2014,12,12 
0.000000000, 2014,12,13 
0.000001033, 2014,12,14 
0.000025570, 2014,12,15 
0.000000114, 2014,12,16 
0.000113348, 2014,12,17 
0.000000527, 2014,12,18 
0.000020802, 2014,12,19 
0.000000000, 2014,12,20 
0.000001147, 2014,12,21 
0.000000094, 2014,12,22 
0.000000104, 2014,12,23 
0.000014370, 2014,12,24 
0.000000000, 2014,12,25 
0.000090703, 2014,12,26 
0.000053465, 2014,12,27 
0.000000060, 2014,12,28 
0.000000000, 2014,12,29 
0.000000000, 2014,12,30 
0.000000030, 2014,12,31 
0.000017489, 2015,01,01 
0.000005176, 2015,01,02 
0.000130475, 2015,01,03 
0.000000358, 2015,01,04 
0.000002022, 2015,01,05 
0.000005707, 2015,01,06 
0.000000308, 2015,01,07 
0.000128910, 2015,01,08 
0.000005131, 2015,01,09 
0.000011926, 2015,01,10 
0.000000273, 2015,01,11 
0.000029047, 2015,01,12 
0.000096778, 2015,01,13 
0.000009939, 2015,01,14 
0.000115956, 2015,01,15 
0.000000964, 2015,01,16 
0.000009581, 2015,01,17 
0.000027021, 2015,01,18 
0.000000174, 2015,01,19 
0.000000745, 2015,01,20 
0.000012969, 2015,01,21 
0.000001341, 2015,01,22 
0.000005459, 2015,01,23 
0.000052879, 2015,01,24 
0.000000030, 2015,01,25 
0.000004376, 2015,01,26 
0.000000268, 2015,01,27 
0.000010689, 2015,01,28 
0.000018110, 2015,01,29 
0.000031278, 2015,01,30 
0.000030821, 2015,01,31 
0.000006616, 2015,02,01 
0.000000050, 2015,02,02 
0.000026981, 2015,02,03 
0.000003611, 2015,02,04 
0.000020936, 2015,02,05 
0.000000075, 2015,02,06 
0.000000536, 2015,02,07 
0.000000079, 2015,02,08 
0.000000228, 2015,02,09 
0.000000204, 2015,02,10 
0.000000959, 2015,02,11 
0.000003055, 2015,02,12 
0.000040015, 2015,02,13 
0.000060985, 2015,02,14 
0.000000129, 2015,02,15 
0.000083541, 2015,02,16 
0.000002742, 2015,02,17 
0.000000000, 2015,02,18 
0.000057250, 2015,02,19 
0.000038763, 2015,02,20 
0.000007227, 2015,02,21 
0.000065659, 2015,02,22 
0.000018274, 2015,02,23 
0.000003452, 2015,02,24 
0.000005166, 2015,02,25 
0.000040377, 2015,02,26 
0.000000000, 2015,02,27 
0.000030145, 2015,02,28 
0.000014951, 2015,03,01 
0.000000571, 2015,03,02 
0.000009447, 2015,03,03 
0.000004133, 2015,03,04 
0.000000000, 2015,03,05 
0.000000000, 2015,03,06 
0.000000000, 2015,03,07 
0.000000447, 2015,03,08 
0.000008802, 2015,03,09 
0.000000010, 2015,03,10 
0.000000288, 2015,03,11 
0.000000000, 2015,03,12 
0.000000000, 2015,03,13 
0.000000353, 2015,03,14 
0.000019252, 2015,03,15 
0.000022739, 2015,03,16 
0.000051111, 2015,03,17 
0.000000114, 2015,03,18 
0.000000531, 2015,03,19 
0.000000159, 2015,03,20 
0.000000740, 2015,03,21 
0.000000730, 2015,03,22 
0.000003676, 2015,03,23 
0.000040308, 2015,03,24 
0.000008042, 2015,03,25 
0.000075638, 2015,03,26 
0.000000000, 2015,03,27 
0.000002841, 2015,03,28 
0.000049487, 2015,03,29 
0.000006308, 2015,03,30 
0.000020320, 2015,03,31 
0.000015020, 2015,04,01 
0.000051106, 2015,04,02 
0.000065749, 2015,04,03 
0.000003606, 2015,04,04 
0.000001063, 2015,04,05 
0.000000219, 2015,04,06 
0.000000000, 2015,04,07 
0.000002488, 2015,04,08 
0.000000000, 2015,04,09 
0.000000934, 2015,04,10 
0.000016689, 2015,04,11 
0.000003750, 2015,04,12 
0.000000745, 2015,04,13 
0.000000020, 2015,04,14 
0.000000070, 2015,04,15 
0.000002091, 2015,04,16 
0.000000000, 2015,04,17 
0.000000000, 2015,04,18 
0.000003497, 2015,04,19 
0.000000000, 2015,04,20 
0.000000000, 2015,04,21 
0.000000000, 2015,04,22 
0.000000298, 2015,04,23 
0.000000209, 2015,04,24 
0.000064850, 2015,04,25 
0.000070065, 2015,04,26 
0.000007778, 2015,04,27 
0.000006040, 2015,04,28 
0.000055159, 2015,04,29 
0.000015154, 2015,04,30 
0.000000040, 2015,05,01 
0.000000075, 2015,05,02 
0.000086486, 2015,05,03 
0.000014226, 2015,05,04 
0.000099455, 2015,05,05 
0.000070304, 2015,05,06 
0.000008573, 2015,05,07 
0.000030483, 2015,05,08 
0.000006403, 2015,05,09 
0.000000020, 2015,05,10 
0.000000035, 2015,05,11 
0.000002444, 2015,05,12 
0.000000000, 2015,05,13 
0.000119557, 2015,05,14 
0.000005782, 2015,05,15 
0.000000998, 2015,05,16 
0.000000000, 2015,05,17 
0.000080516, 2015,05,18 
0.000030309, 2015,05,19 
0.000022029, 2015,05,20 
0.000000427, 2015,05,21 
0.000002017, 2015,05,22 
0.000006974, 2015,05,23 
0.000022044, 2015,05,24 
0.000001679, 2015,05,25 
0.000000233, 2015,05,26 
0.000010629, 2015,05,27 
0.000002831, 2015,05,28 
0.000094637, 2015,05,29 
0.000000993, 2015,05,30 
0.000032480, 2015,05,31 
0.000026206, 2015,06,01 
0.000017414, 2015,06,02 
0.000000089, 2015,06,03 
0.000000000, 2015,06,04 
0.000040789, 2015,06,05 
0.000000000, 2015,06,06 
0.000000000, 2015,06,07 
0.000004083, 2015,06,08 
0.000000000, 2015,06,09 
0.000000005, 2015,06,10 
0.000000000, 2015,06,11 
0.000064378, 2015,06,12 
0.000011787, 2015,06,13 
0.000008429, 2015,06,14 
0.000000099, 2015,06,15 
0.000004406, 2015,06,16 
0.000002394, 2015,06,17 
0.000015934, 2015,06,18 
0.000000030, 2015,06,19 
0.000040879, 2015,06,20 
0.000002260, 2015,06,21 
0.000030895, 2015,06,22 
0.000000139, 2015,06,23 
0.000000238, 2015,06,24 
0.000000000, 2015,06,25 
0.000015895, 2015,06,26 
0.000000040, 2015,06,27 
0.000022451, 2015,06,28 
0.000001137, 2015,06,29 
0.000000000, 2015,06,30 
0.000001629, 2015,07,01 
0.000006601, 2015,07,02 
0.000000000, 2015,07,03 
0.000042607, 2015,07,04 
0.000051126, 2015,07,05 
0.000000000, 2015,07,06 
0.000019034, 2015,07,07 
0.000015184, 2015,07,08 
0.000000005, 2015,07,09 
0.000000000, 2015,07,10 
0.000000944, 2015,07,11 
0.000026400, 2015,07,12 
0.000019650, 2015,07,13 
0.000012562, 2015,07,14 
0.000018557, 2015,07,15 
0.000001455, 2015,07,16 
0.000080521, 2015,07,17 
0.000000129, 2015,07,18 
0.000037879, 2015,07,19 
0.000013774, 2015,07,20 
0.000000248, 2015,07,21 
0.000007177, 2015,07,22 
0.000002950, 2015,07,23 
0.000250071, 2015,07,24 
0.000129243, 2015,07,25 
0.000162348, 2015,07,26 
0.000023360, 2015,07,27 
0.000009641, 2015,07,28 
0.000007113, 2015,07,29 
0.000011737, 2015,07,30 
0.000000000, 2015,07,31 
0.000000040, 2015,08,01 
0.000000040, 2015,08,02 
0.000001421, 2015,08,03 
0.000001927, 2015,08,04 
0.000009567, 2015,08,05 
0.000006492, 2015,08,06 
0.000004083, 2015,08,07 
0.000000685, 2015,08,08 
0.000000000, 2015,08,09 
0.000025610, 2015,08,10 
0.000011201, 2015,08,11 
0.000041311, 2015,08,12 
0.000175680, 2015,08,13 
0.000126854, 2015,08,14 
0.000010451, 2015,08,15 
0.000003974, 2015,08,16 
0.000000010, 2015,08,17 
0.000026663, 2015,08,18 
0.000039419, 2015,08,19 
0.000036582, 2015,08,20 
0.000012194, 2015,08,21 
0.000001267, 2015,08,22 
0.000035480, 2015,08,23 
0.000210444, 2015,08,24 
0.000062207, 2015,08,25 
0.000083829, 2015,08,26 
0.000009745, 2015,08,27 
0.000000874, 2015,08,28 
0.000011226, 2015,08,29 
0.000038515, 2015,08,30 
0.000224143, 2015,08,31 
0.000035231, 2015,09,01 
0.000027378, 2015,09,02 
0.000021438, 2015,09,03 
0.000003298, 2015,09,04 
0.000000864, 2015,09,05 
0.000000005, 2015,09,06 
0.000000214, 2015,09,07 
0.000000417, 2015,09,08 
0.000004431, 2015,09,09 
0.000000000, 2015,09,10 
0.000002836, 2015,09,11 
0.000033841, 2015,09,12 
0.000001838, 2015,09,13 
0.000076547, 2015,09,14 
0.000037635, 2015,09,15 
0.000165656, 2015,09,16 
0.000023544, 2015,09,17 
0.000047237, 2015,09,18 
0.000000050, 2015,09,19 
0.000000407, 2015,09,20 
0.000055095, 2015,09,21 
0.000192215, 2015,09,22 
0.000000000, 2015,09,23 
0.000014077, 2015,09,24 
0.000000000, 2015,09,25 
0.000000010, 2015,09,26 
0.000000005, 2015,09,27 
0.000000010, 2015,09,28 
0.000000005, 2015,09,29 
0.000000000, 2015,09,30 
0.000000005, 2015,10,01 
0.000000005, 2015,10,02 
0.000000695, 2015,10,03 
0.000000149, 2015,10,04 
0.000078236, 2015,10,05 
0.000171234, 2015,10,06 
0.000008598, 2015,10,07 
0.000001252, 2015,10,08 
0.000000338, 2015,10,09 
0.000001584, 2015,10,10 
0.000000040, 2015,10,11 
0.000000412, 2015,10,12 
0.000001401, 2015,10,13 
0.000003591, 2015,10,14 
0.000006343, 2015,10,15 
0.000000377, 2015,10,16 
0.000001187, 2015,10,17 
0.000001366, 2015,10,18 
0.000003109, 2015,10,19 
0.000000010, 2015,10,20 
0.000083635, 2015,10,21 
0.000001883, 2015,10,22 
0.000000174, 2015,10,23 
0.000034451, 2015,10,24 
0.000000000, 2015,10,25 
0.000000427, 2015,10,26 
0.000024661, 2015,10,27 
0.000126551, 2015,10,28 
0.000007490, 2015,10,29 
0.000042468, 2015,10,30 
0.000000010, 2015,10,31 
0.000000815, 2015,11,01 
0.000002146, 2015,11,02 
0.000001470, 2015,11,03 
0.000069911, 2015,11,04 
0.000048886, 2015,11,05 
0.000063787, 2015,11,06 
0.000077521, 2015,11,07 
0.000002936, 2015,11,08 
0.000010932, 2015,11,09 
0.000005354, 2015,11,10 
0.000000974, 2015,11,11 
0.000001043, 2015,11,12 
0.000007699, 2015,11,13 
0.000050714, 2015,11,14 
0.000001649, 2015,11,15 
0.000010083, 2015,11,16 
0.000076349, 2015,11,17 
0.000009601, 2015,11,18 
0.000029777, 2015,11,19 
0.000000338, 2015,11,20 
0.000027309, 2015,11,21 
0.000000248, 2015,11,22 
0.000000273, 2015,11,23 
0.000088667, 2015,11,24 
0.000006954, 2015,11,25 
0.000001078, 2015,11,26 
0.000015701, 2015,11,27 
0.000022739, 2015,11,28 
0.000007287, 2015,11,29 
0.000024299, 2015,11,30 
0.000032415, 2015,12,01 
0.000001833, 2015,12,02 
0.000014583, 2015,12,03 
0.000019198, 2015,12,04 
0.000000055, 2015,12,05 
0.000000929, 2015,12,06 
0.000004470, 2015,12,07 
0.000037854, 2015,12,08 
0.000000000, 2015,12,09 
0.000034988, 2015,12,10 
0.000023415, 2015,12,11 
0.000018448, 2015,12,12 
0.000055964, 2015,12,13 
0.000019665, 2015,12,14 
0.000066330, 2015,12,15 
0.000009338, 2015,12,16 
0.000018736, 2015,12,17 
0.000001222, 2015,12,18 
0.000003467, 2015,12,19 
0.000000373, 2015,12,20 
0.000010947, 2015,12,21 
0.000062729, 2015,12,22 
0.000027602, 2015,12,23 
0.000025739, 2015,12,24 
0.000006735, 2015,12,25 
0.000000974, 2015,12,26 
0.000043079, 2015,12,27 
0.000000020, 2015,12,28 
0.000009477, 2015,12,29 
0.000043174, 2015,12,30 
0.000065312, 2015,12,31 
0.000011295, 2016,01,01 
0.000055969, 2016,01,02 
0.000122170, 2016,01,03 
0.000013108, 2016,01,04 
0.000007177, 2016,01,05 
0.000002061, 2016,01,06 
0.000126893, 2016,01,07 
0.000003139, 2016,01,08 
0.000068530, 2016,01,09 
0.000002603, 2016,01,10 
0.000075991, 2016,01,11 
0.000018001, 2016,01,12 
0.000009626, 2016,01,13 
0.000036245, 2016,01,14 
0.000000020, 2016,01,15 
0.000000795, 2016,01,16 
0.000017419, 2016,01,17 
0.000000745, 2016,01,18 
0.000000000, 2016,01,19 
0.000000392, 2016,01,20 
0.000000010, 2016,01,21 
0.000067110, 2016,01,22 
0.000015348, 2016,01,23 
0.000038316, 2016,01,24 
0.000000020, 2016,01,25 
0.000015587, 2016,01,26 
0.000022685, 2016,01,27 
0.000000020, 2016,01,28 
0.000001053, 2016,01,29 
0.000052253, 2016,01,30 
0.000021736, 2016,01,31 
0.000000164, 2016,02,01 
0.000002424, 2016,02,02 
0.000010878, 2016,02,03 
0.000018179, 2016,02,04 
0.000002985, 2016,02,05 
0.000045612, 2016,02,06 
0.000069723, 2016,02,07 
0.000038907, 2016,02,08 
0.000007783, 2016,02,09 
0.000002051, 2016,02,10 
0.000000000, 2016,02,11 
0.000002568, 2016,02,12 
0.000045285, 2016,02,13 
0.000009964, 2016,02,14 
0.000000730, 2016,02,15 
0.000000010, 2016,02,16 
0.000035793, 2016,02,17 
0.000047450, 2016,02,18 
0.000016113, 2016,02,19 
0.000017901, 2016,02,20 
0.000000228, 2016,02,21 
0.000024935, 2016,02,22 
0.000004470, 2016,02,23 
0.000001803, 2016,02,24 
0.000001788, 2016,02,25 
0.000000000, 2016,02,26 
0.000000094, 2016,02,27 
0.000000164, 2016,02,28 
0.000000030, 2016,02,29 
0.000046879, 2016,03,01 
0.000060375, 2016,03,02 
0.000016113, 2016,03,03 
0.000081400, 2016,03,04 
0.000028412, 2016,03,05 
0.000011568, 2016,03,06 
0.000013630, 2016,03,07 
0.000005121, 2016,03,08 
0.000175893, 2016,03,09 
0.000004510, 2016,03,10 
0.000000000, 2016,03,11 
0.000000015, 2016,03,12 
0.000000005, 2016,03,13 
0.000000189, 2016,03,14 
0.000000099, 2016,03,15 
0.000000457, 2016,03,16 
0.000000040, 2016,03,17 
0.000003219, 2016,03,18 
0.000004063, 2016,03,19 
0.000002732, 2016,03,20 
0.000000020, 2016,03,21 
0.000000010, 2016,03,22 
0.000000497, 2016,03,23 
0.000047843, 2016,03,24 
0.000047222, 2016,03,25 
0.000045399, 2016,03,26 
0.000027503, 2016,03,27 
0.000156184, 2016,03,28 
0.000046228, 2016,03,29 
0.000013620, 2016,03,30 
0.000004470, 2016,03,31 
0.000000000, 2016,04,01 
0.000024766, 2016,04,02 
0.000044316, 2016,04,03 
0.000053788, 2016,04,04 
0.000002474, 2016,04,05 
0.000015606, 2016,04,06 
0.000042935, 2016,04,07 
0.000002856, 2016,04,08 
0.000033304, 2016,04,09 
0.000000000, 2016,04,10 
0.000048995, 2016,04,11 
0.000028133, 2016,04,12 
0.000041326, 2016,04,13 
0.000042369, 2016,04,14 
0.000137726, 2016,04,15 
0.000027448, 2016,04,16 
0.000016227, 2016,04,17 
0.000000685, 2016,04,18 
0.000000030, 2016,04,19 
0.000000000, 2016,04,20 
0.000000030, 2016,04,21 
0.000038127, 2016,04,22 
0.000015259, 2016,04,23 
0.000020708, 2016,04,24 
0.000041857, 2016,04,25 
0.000016391, 2016,04,26 
0.000031650, 2016,04,27 
0.000004833, 2016,04,28 
0.000021408, 2016,04,29 
0.000010024, 2016,04,30 
0.000000010, 2016,05,01 
0.000021170, 2016,05,02 
0.000002335, 2016,05,03 
0.000000000, 2016,05,04 
0.000000000, 2016,05,05 
0.000000000, 2016,05,06 
0.000000258, 2016,05,07 
0.000000000, 2016,05,08 
0.000003139, 2016,05,09 
0.000054648, 2016,05,10 
0.000113542, 2016,05,11 
0.000006244, 2016,05,12 
0.000000993, 2016,05,13 
0.000000139, 2016,05,14 
0.000000030, 2016,05,15 
0.000002255, 2016,05,16 
0.000000735, 2016,05,17 
0.000151972, 2016,05,18 
0.000032326, 2016,05,19 
0.000006035, 2016,05,20 
0.000010570, 2016,05,21 
0.000011131, 2016,05,22 
0.000026137, 2016,05,23 
0.000000278, 2016,05,24 
0.000008255, 2016,05,25 
0.000000571, 2016,05,26 
0.000000139, 2016,05,27 
0.000000487, 2016,05,28 
0.000000368, 2016,05,29 
0.000001515, 2016,05,30 
0.000127022, 2016,05,31 
0.000005379, 2016,06,01 
0.000001942, 2016,06,02 
0.000000323, 2016,06,03 
0.000001222, 2016,06,04 
0.000000854, 2016,06,05 
0.000000000, 2016,06,06 
0.000128274, 2016,06,07 
0.000052616, 2016,06,08 
0.000000075, 2016,06,09 
0.000000099, 2016,06,10 
0.000024880, 2016,06,11 
0.000066524, 2016,06,12 
0.000098233, 2016,06,13 
0.000101566, 2016,06,14 
0.000027602, 2016,06,15 
0.000077024, 2016,06,16 
0.000082955, 2016,06,17 
0.000011921, 2016,06,18 
0.000015969, 2016,06,19 
0.000184342, 2016,06,20 
0.000002081, 2016,06,21 
0.000009000, 2016,06,22 
0.000286073, 2016,06,23 
0.000022575, 2016,06,24 
0.000103205, 2016,06,25 
0.000030309, 2016,06,26 
0.000021160, 2016,06,27 
0.000053023, 2016,06,28 
0.000010267, 2016,06,29 
0.000014891, 2016,06,30 
0.000020812, 2016,07,01 
0.000010461, 2016,07,02 
0.000003383, 2016,07,03 
0.000002926, 2016,07,04 
0.000006283, 2016,07,05 
0.000000000, 2016,07,06 
0.000001575, 2016,07,07 
0.000007133, 2016,07,08 
0.000002633, 2016,07,09 
0.000003576, 2016,07,10 
0.000042945, 2016,07,11 
0.000105252, 2016,07,12 
0.000055343, 2016,07,13 
0.000000815, 2016,07,14 
0.000000060, 2016,07,15 
0.000003204, 2016,07,16 
0.000016843, 2016,07,17 
0.000000000, 2016,07,18 
0.000000000, 2016,07,19 
0.000004152, 2016,07,20 
0.000003055, 2016,07,21 
0.000005722, 2016,07,22 
0.000006383, 2016,07,23 
0.000002513, 2016,07,24 
0.000001614, 2016,07,25 
0.000001818, 2016,07,26 
0.000023236, 2016,07,27 
0.000022486, 2016,07,28 
0.000018145, 2016,07,29 
0.000002876, 2016,07,30 
0.000004758, 2016,07,31 
0.000047803, 2016,08,01 
0.000164593, 2016,08,02 
0.000000869, 2016,08,03 
0.000009124, 2016,08,04 
0.000000412, 2016,08,05 
0.000000045, 2016,08,06 
0.000001132, 2016,08,07 
0.000001729, 2016,08,08 
0.000004629, 2016,08,09 
0.000006333, 2016,08,10 
0.000018617, 2016,08,11 
0.000000005, 2016,08,12 
0.000002374, 2016,08,13 
0.000000000, 2016,08,14 
0.000000050, 2016,08,15 
0.000000154, 2016,08,16 
0.000000020, 2016,08,17 
0.000002041, 2016,08,18 
0.000040635, 2016,08,19 
0.000014449, 2016,08,20 
0.000052765, 2016,08,21 
0.000035435, 2016,08,22 
0.000000005, 2016,08,23 
0.000003964, 2016,08,24 
0.000036448, 2016,08,25 
0.000003040, 2016,08,26 
0.000054503, 2016,08,27 
0.000034993, 2016,08,28 
0.000003030, 2016,08,29 
0.000000000, 2016,08,30 
0.000000288, 2016,08,31 
0.000001729, 2016,09,01 
0.000011886, 2016,09,02 
0.000029390, 2016,09,03 
0.000009303, 2016,09,04 
0.000018482, 2016,09,05 
0.000006840, 2016,09,06 
0.000006323, 2016,09,07 
0.000000000, 2016,09,08 
0.000005523, 2016,09,09 
0.000106086, 2016,09,10 
0.000000035, 2016,09,11 
0.000000000, 2016,09,12 
0.000000000, 2016,09,13 
0.000000000, 2016,09,14 
0.000002156, 2016,09,15 
0.000319893, 2016,09,16 
0.000009030, 2016,09,17 
0.000001272, 2016,09,18 
0.000024920, 2016,09,19 
0.000005439, 2016,09,20 
0.000003686, 2016,09,21 
0.000005975, 2016,09,22 
0.000000000, 2016,09,23 
0.000000000, 2016,09,24 
0.000001788, 2016,09,25 
0.000007654, 2016,09,26 
0.000001177, 2016,09,27 
0.000000094, 2016,09,28 
0.000003204, 2016,09,29 
0.000003248, 2016,09,30 
0.000032832, 2016,10,01 
0.000000437, 2016,10,02 
0.000000055, 2016,10,03 
0.000000353, 2016,10,04 
0.000000000, 2016,10,05 
0.000002344, 2016,10,06 
0.000009591, 2016,10,07 
0.000008638, 2016,10,08 
0.000005846, 2016,10,09 
0.000005762, 2016,10,10 
0.000008841, 2016,10,11 
0.000008851, 2016,10,12 
0.000018756, 2016,10,13 
0.000000969, 2016,10,14 
0.000014757, 2016,10,15 
0.000065486, 2016,10,16 
0.000007361, 2016,10,17 
0.000016078, 2016,10,18 
0.000001272, 2016,10,19 
0.000009388, 2016,10,20 
0.000000005, 2016,10,21 
0.000001863, 2016,10,22 
0.000000482, 2016,10,23 
0.000033230, 2016,10,24 
0.000002851, 2016,10,25 
0.000002871, 2016,10,26 
0.000000233, 2016,10,27 
0.000000025, 2016,10,28 
0.000002186, 2016,10,29 
0.000000959, 2016,10,30 
0.000000000, 2016,10,31 
0.000000462, 2016,11,01 
0.000000000, 2016,11,02 
0.000000020, 2016,11,03 
0.000061428, 2016,11,04 
0.000000124, 2016,11,05 
0.000007212, 2016,11,06 
0.000005856, 2016,11,07 
0.000003174, 2016,11,08 
0.000147829, 2016,11,09 
0.000004580, 2016,11,10 
0.000000020, 2016,11,11 
0.000101015, 2016,11,12 
0.000000288, 2016,11,13 
0.000022794, 2016,11,14 
0.000010128, 2016,11,15 
0.000004922, 2016,11,16 
0.000003109, 2016,11,17 
0.000000129, 2016,11,18 
0.000008836, 2016,11,19 
0.000163068, 2016,11,20 
0.000166645, 2016,11,21 
0.000024855, 2016,11,22 
0.000000233, 2016,11,23 
0.000000005, 2016,11,24 
0.000000000, 2016,11,25 
0.000000020, 2016,11,26 
0.000001202, 2016,11,27 
0.000000119, 2016,11,28 
0.000000000, 2016,11,29 
0.000000000, 2016,11,30 
0.000000606, 2016,12,01 
0.000000507, 2016,12,02 
0.000000159, 2016,12,03 
0.000000000, 2016,12,04 
0.000000000, 2016,12,05 
0.000000278, 2016,12,06 
0.000000243, 2016,12,07 
0.000004783, 2016,12,08 
0.000000382, 2016,12,09 
0.000081579, 2016,12,10 
0.000011817, 2016,12,11 
0.000007366, 2016,12,12 
0.000003323, 2016,12,13 
0.000000000, 2016,12,14 
0.000000030, 2016,12,15 
0.000000616, 2016,12,16 
0.000001197, 2016,12,17 
0.000000512, 2016,12,18 
0.000000834, 2016,12,19 
0.000000472, 2016,12,20 
0.000007684, 2016,12,21 
0.000000646, 2016,12,22 
0.000011956, 2016,12,23 
0.000000377, 2016,12,24 
0.000000725, 2016,12,25 
0.000008191, 2016,12,26 
0.000000000, 2016,12,27 
0.000000000, 2016,12,28 
0.000000000, 2016,12,29 
0.000002245, 2016,12,30 
0.000002369, 2016,12,31 
0.000093549, 2017,01,01 
0.000002414, 2017,01,02 
0.000000000, 2017,01,03 
0.000001843, 2017,01,04 
0.000000000, 2017,01,05 
0.000028734, 2017,01,06 
0.000029872, 2017,01,07 
0.000002479, 2017,01,08 
0.000021408, 2017,01,09 
0.000002846, 2017,01,10 
0.000000228, 2017,01,11 
0.000153512, 2017,01,12 
0.000019237, 2017,01,13 
0.000001128, 2017,01,14 
0.000094563, 2017,01,15 
0.000032634, 2017,01,16 
0.000000119, 2017,01,17 
0.000000000, 2017,01,18 
0.000000000, 2017,01,19 
0.000000000, 2017,01,20 
0.000000000, 2017,01,21 
0.000000005, 2017,01,22 
0.000000070, 2017,01,23 
0.000000000, 2017,01,24 
0.000001093, 2017,01,25 
0.000001535, 2017,01,26 
0.000000666, 2017,01,27 
0.000002305, 2017,01,28 
0.000157222, 2017,01,29 
0.000016704, 2017,01,30 
0.000051176, 2017,01,31 
0.000081703, 2017,02,01 
0.000024696, 2017,02,02 
0.000023931, 2017,02,03 
0.000015289, 2017,02,04 
0.000026723, 2017,02,05 
0.000023082, 2017,02,06 
0.000040735, 2017,02,07 
0.000000988, 2017,02,08 
0.000002806, 2017,02,09 
0.000009576, 2017,02,10 
0.000022262, 2017,02,11 
0.000025655, 2017,02,12 
0.000000000, 2017,02,13 
0.000000010, 2017,02,14 
0.000019029, 2017,02,15 
0.000001952, 2017,02,16 
0.000001445, 2017,02,17 
0.000000025, 2017,02,18 
0.000000800, 2017,02,19 
0.000000695, 2017,02,20 
0.000005037, 2017,02,21 
0.000027190, 2017,02,22 
0.000018254, 2017,02,23 
0.000000522, 2017,02,24 
0.000016764, 2017,02,25 
0.000002220, 2017,02,26 
0.000082379, 2017,02,27 
0.000039801, 2017,02,28 
0.000014002, 2017,03,01 
0.000011131, 2017,03,02 
0.000029708, 2017,03,03 
0.000006368, 2017,03,04 
0.000055884, 2017,03,05 
0.000013138, 2017,03,06 
0.000000402, 2017,03,07 
0.000067939, 2017,03,08 
0.000006820, 2017,03,09 
0.000001053, 2017,03,10 
0.000000139, 2017,03,11 
0.000038241, 2017,03,12 
0.000000164, 2017,03,13 
0.000000412, 2017,03,14 
0.000000000, 2017,03,15 
0.000000318, 2017,03,16 
0.000003139, 2017,03,17 
0.000013744, 2017,03,18 
0.000000114, 2017,03,19 
0.000050813, 2017,03,20 
0.000002568, 2017,03,21 
0.000059764, 2017,03,22 
0.000021656, 2017,03,23 
0.000000010, 2017,03,24 
0.000000000, 2017,03,25 
0.000000000, 2017,03,26 
0.000000000, 2017,03,27 
0.000016163, 2017,03,28 
0.000040904, 2017,03,29 
0.000000010, 2017,03,30 
0.000002414, 2017,03,31 
0.000011762, 2017,04,01 
0.000000621, 2017,04,02 
0.000000050, 2017,04,03 
0.000028268, 2017,04,04 
0.000000169, 2017,04,05 
0.000000000, 2017,04,06 
0.000000000, 2017,04,07 
0.000000045, 2017,04,08 
0.000000000, 2017,04,09 
0.000000070, 2017,04,10 
0.000000000, 2017,04,11 
0.000000368, 2017,04,12 
0.000000417, 2017,04,13 
0.000013605, 2017,04,14 
0.000014380, 2017,04,15 
0.000002712, 2017,04,16 
0.000005061, 2017,04,17 
0.000002846, 2017,04,18 
0.000000000, 2017,04,19 
0.000000169, 2017,04,20 
0.000002628, 2017,04,21 
0.000011588, 2017,04,22 
0.000011245, 2017,04,23 
0.000015790, 2017,04,24 
0.000004093, 2017,04,25 
0.000020658, 2017,04,26 
0.000019888, 2017,04,27 
0.000009954, 2017,04,28 
0.000001525, 2017,04,29 
0.000003899, 2017,04,30 
0.000046929, 2017,05,01 
0.000013163, 2017,05,02 
0.000018790, 2017,05,03 
0.000001619, 2017,05,04 
0.000000397, 2017,05,05 
0.000004217, 2017,05,06 
0.000002225, 2017,05,07 
0.000000278, 2017,05,08 
0.000000636, 2017,05,09 
0.000000780, 2017,05,10 
0.000000869, 2017,05,11 
0.000070016, 2017,05,12 
0.000006994, 2017,05,13 
0.000034571, 2017,05,14 
0.000022178, 2017,05,15 
0.000016858, 2017,05,16 
0.000299985, 2017,05,17 
0.000077580, 2017,05,18 
0.000161047, 2017,05,19 
0.000023295, 2017,05,20 
0.000000045, 2017,05,21 
0.000000169, 2017,05,22 
0.000004599, 2017,05,23 
0.000003502, 2017,05,24 
0.000000119, 2017,05,25 
0.000000000, 2017,05,26 
0.000000000, 2017,05,27 
0.000016406, 2017,05,28 
0.000218093, 2017,05,29 
0.000007818, 2017,05,30 
0.000008320, 2017,05,31 
0.000000566, 2017,06,01 
0.000053744, 2017,06,02 
0.000002369, 2017,06,03 
0.000015239, 2017,06,04 
0.000071958, 2017,06,05 
0.000167037, 2017,06,06 
0.000004331, 2017,06,07 
0.000038167, 2017,06,08 
0.000013446, 2017,06,09 
0.000000079, 2017,06,10 
0.000000248, 2017,06,11 
0.000005295, 2017,06,12 
0.000000576, 2017,06,13 
0.000000000, 2017,06,14 
0.000000705, 2017,06,15 
0.000000000, 2017,06,16 
0.000001381, 2017,06,17 
0.000002409, 2017,06,18 
0.000000000, 2017,06,19 
0.000000000, 2017,06,20 
0.000000000, 2017,06,21 
0.000001128, 2017,06,22 
0.000000427, 2017,06,23 
0.000011519, 2017,06,24 
0.000008752, 2017,06,25 
0.000000159, 2017,06,26 
0.000203411, 2017,06,27 
0.000107348, 2017,06,28 
0.000003745, 2017,06,29 
0.000009398, 2017,06,30 
0.000002116, 2017,07,01 
0.000004749, 2017,07,02 
0.000006055, 2017,07,03 
0.000004778, 2017,07,04 
0.000000000, 2017,07,05 
0.000090058, 2017,07,06 
0.000000030, 2017,07,07 
0.000000621, 2017,07,08 
0.000005970, 2017,07,09 
0.000014653, 2017,07,10 
0.000164981, 2017,07,11 
0.000142063, 2017,07,12 
0.000000000, 2017,07,13 
0.000002121, 2017,07,14 
0.000014305, 2017,07,15 
0.000014062, 2017,07,16 
0.000000000, 2017,07,17 
0.000008121, 2017,07,18 
0.000073493, 2017,07,19 
0.000025064, 2017,07,20 
0.000000531, 2017,07,21 
0.000073334, 2017,07,22 
0.000077794, 2017,07,23 
0.000044356, 2017,07,24 
0.000000482, 2017,07,25 
0.000023295, 2017,07,26 
0.000023340, 2017,07,27 
0.000029251, 2017,07,28 
0.000083884, 2017,07,29 
0.000029082, 2017,07,30 
0.000006050, 2017,07,31 
0.000015423, 2017,08,01 
0.000099773, 2017,08,02 
0.000013605, 2017,08,03 
0.000007148, 2017,08,04 
0.000103335, 2017,08,05 
0.000000546, 2017,08,06 
0.000033244, 2017,08,07 
0.000096356, 2017,08,08 
0.000174895, 2017,08,09 
0.000006100, 2017,08,10 
0.000000512, 2017,08,11 
0.000003427, 2017,08,12 
0.000000000, 2017,08,13 
0.000016709, 2017,08,14 
0.000039791, 2017,08,15 
0.000002364, 2017,08,16 
0.000057613, 2017,08,17 
0.000025526, 2017,08,18 
0.000006467, 2017,08,19 
0.000017261, 2017,08,20 
0.000051061, 2017,08,21 
0.000010441, 2017,08,22 
0.000013123, 2017,08,23 
0.000001580, 2017,08,24 
0.000000000, 2017,08,25 
0.000000402, 2017,08,26 
0.000002777, 2017,08,27 
0.000000000, 2017,08,28 
0.000013530, 2017,08,29 
0.000055060, 2017,08,30 
0.000030994, 2017,08,31 
0.000001823, 2017,09,01 
0.000001500, 2017,09,02 
0.000022809, 2017,09,03 
0.000015303, 2017,09,04 
0.000014573, 2017,09,05 
0.000002394, 2017,09,06 
0.000007396, 2017,09,07 
0.000059634, 2017,09,08 
0.000034402, 2017,09,09 
0.000012224, 2017,09,10 
0.000021865, 2017,09,11 
0.000013406, 2017,09,12 
0.000044326, 2017,09,13 
0.000008429, 2017,09,14 
0.000028839, 2017,09,15 
0.000065655, 2017,09,16 
0.000015343, 2017,09,17 
0.000029539, 2017,09,18 
0.000031879, 2017,09,19 
0.000001192, 2017,09,20 
0.000017732, 2017,09,21 
0.000010262, 2017,09,22 
0.000004252, 2017,09,23 
0.000004530, 2017,09,24 
0.000046765, 2017,09,25 
0.000008444, 2017,09,26 
0.000028118, 2017,09,27 
0.000061149, 2017,09,28 
0.000020057, 2017,09,29 
0.000014330, 2017,09,30 
0.000041510, 2017,10,01 
0.000005126, 2017,10,02 
0.000000010, 2017,10,03 
0.000000005, 2017,10,04 
0.000002002, 2017,10,05 
0.000000010, 2017,10,06 
0.000008181, 2017,10,07 
0.000000144, 2017,10,08 
0.000005543, 2017,10,09 
0.000005955, 2017,10,10 
0.000004952, 2017,10,11 
0.000000005, 2017,10,12 
0.000001028, 2017,10,13 
0.000001396, 2017,10,14 
0.000000000, 2017,10,15 
0.000000000, 2017,10,16 
0.000018716, 2017,10,17 
0.000092755, 2017,10,18 
0.000029415, 2017,10,19 
0.000062972, 2017,10,20 
0.000057290, 2017,10,21 
0.000000402, 2017,10,22 
0.000001649, 2017,10,23 
0.000001719, 2017,10,24 
0.000000825, 2017,10,25 
0.000004058, 2017,10,26 
0.000000233, 2017,10,27 
0.000000000, 2017,10,28 
0.000005240, 2017,10,29 
0.000000000, 2017,10,30 
0.000004123, 2017,10,31 
0.000000000, 2017,11,01 
0.000000646, 2017,11,02 
0.000006924, 2017,11,03 
0.000119979, 2017,11,04 
0.000000531, 2017,11,05 
0.000000000, 2017,11,06 
0.000030304, 2017,11,07 
0.000096589, 2017,11,08 
0.000002901, 2017,11,09 
0.000001068, 2017,11,10 
0.000055442, 2017,11,11 
0.000023425, 2017,11,12 
0.000000507, 2017,11,13 
0.000004485, 2017,11,14 
0.000006338, 2017,11,15 
0.000001515, 2017,11,16 
0.000000000, 2017,11,17 
0.000019704, 2017,11,18 
0.000000000, 2017,11,19 
0.000007381, 2017,11,20 
0.000003402, 2017,11,21 
0.000001306, 2017,11,22 
0.000029415, 2017,11,23 
0.000001073, 2017,11,24 
0.000000005, 2017,11,25 
0.000000000, 2017,11,26 
0.000050003, 2017,11,27 
0.000004848, 2017,11,28 
0.000000765, 2017,11,29 
0.000000194, 2017,11,30 
0.000003740, 2017,12,01 
0.000004823, 2017,12,02 
0.000002305, 2017,12,03 
0.000000452, 2017,12,04 
0.000000437, 2017,12,05 
0.000000497, 2017,12,06 
0.000069325, 2017,12,07 
0.000000035, 2017,12,08 
0.000000000, 2017,12,09 
0.000223279, 2017,12,10 
0.000076513, 2017,12,11 
0.000000094, 2017,12,12 
0.000086412, 2017,12,13 
0.000011370, 2017,12,14 
0.000025868, 2017,12,15 
0.000007903, 2017,12,16 
0.000021497, 2017,12,17 
0.000000293, 2017,12,18 
0.000000075, 2017,12,19 
0.000002638, 2017,12,20 
0.000007505, 2017,12,21 
0.000002195, 2017,12,22 
0.000002389, 2017,12,23 
0.000002280, 2017,12,24 
0.000004068, 2017,12,25 
0.000156820, 2017,12,26 
0.000304048, 2017,12,27 
0.000000000, 2017,12,28 
0.000084465, 2017,12,29 
0.000022501, 2017,12,30 
0.000049676, 2017,12,31 
